{
	"credit": "Made with Blockbench",
	"texture_size": [32, 32],
	"textures": {
		"1": "item/goat_horn",
		"particle": "item/goat_horn"
	},
	"elements": [
		{
			"from": [6, -1, 5],
			"to": [10, 3, 11],
			"rotation": {"angle": 0, "axis": "y", "origin": [7, 0, 7]},
			"faces": {
				"north": {"uv": [7, 7, 9, 9], "texture": "#1"},
				"east": {"uv": [5, 5, 8, 7], "texture": "#1"},
				"south": {"uv": [0, 7.5, 2, 9.5], "texture": "#1"},
				"west": {"uv": [6, 0, 9, 2], "texture": "#1"},
				"up": {"uv": [8, 5, 6, 2], "texture": "#1"},
				"down": {"uv": [7, 7, 5, 10], "texture": "#1"}
			}
		},
		{
			"from": [6.5, 0, 11],
			"to": [9.5, 5, 14],
			"rotation": {"angle": 0, "axis": "y", "origin": [6.5, 0, 13]},
			"faces": {
				"north": {"uv": [2, 7.5, 3.5, 10], "texture": "#1"},
				"east": {"uv": [3.5, 7.5, 5, 10], "texture": "#1"},
				"south": {"uv": [8, 2, 9.5, 4.5], "texture": "#1"},
				"west": {"uv": [8, 4.5, 9.5, 7], "texture": "#1"},
				"up": {"uv": [10.5, 1.5, 9, 0], "texture": "#1"},
				"down": {"uv": [8.5, 9, 7, 10.5], "texture": "#1"}
			}
		},
		{
			"from": [5, -0.17157, 2],
			"to": [11, 4.82843, 7],
			"rotation": {"angle": 45, "axis": "x", "origin": [8, 1.82843, 5]},
			"faces": {
				"north": {"uv": [0, 0, 3, 2.5], "texture": "#1"},
				"east": {"uv": [0, 5, 2.5, 7.5], "texture": "#1"},
				"south": {"uv": [0, 2.5, 3, 5], "texture": "#1"},
				"west": {"uv": [2.5, 5, 5, 7.5], "texture": "#1"},
				"up": {"uv": [6, 2.5, 3, 0], "texture": "#1"},
				"down": {"uv": [6, 2.5, 3, 5], "texture": "#1"}
			}
		}
	],
	"overrides": [
		{"predicate": {"tooting": 1}, "model": "item/tooting_goat_horn"}
	],
	"display": {
		"thirdperson_righthand": {
			"rotation": [0, 180, 0],
			"translation": [0, 3, 1],
			"scale": [0.55, 0.55, 0.55]
		},
		"thirdperson_lefthand": {
			"translation": [0, 3, 1],
			"scale": [0.55, 0.55, 0.55]
		},
		"firstperson_righthand": {
			"rotation": [0, -90, 25],
			"translation": [1.13, 3.2, 1.13],
			"scale": [0.68, 0.68, 0.68]
		},
		"firstperson_lefthand": {
			"rotation": [0, 90, -25],
			"translation": [1.13, 3.2, 1.13],
			"scale": [0.68, 0.68, 0.68]
		}
	}
}